,Zaragoza,Oporto,Toulouse,Lyon,Turin,Francfort,Zurich
Zaragoza,0.0,425.8705,198.569,463.7965,581.908,809.2155,674.855
Oporto,425.124,0.0,555.46,773.8985,937.2245,1081.599,985.046
Toulouse,294.62775,832.131,0.0,403.31175,580.479,878.826,719.90025
Lyon,695.3085,1162.845,402.999,0.0,234.6225,517.84875,319.272
Turin,580.8545,937.5025,385.9815,157.2515,0.0,367.3005,198.209
Francfort,1617.231,2165.79,1172.18,695.035,737.457,0.0,402.36
Zurich,2022.042,2965.206,1437.423,636.3105,598.281,604.9065,0.0
